{"cameraMode":{"drawMode":0,"name":"Shaded","section":"Shading Mode"},"sceneLighting":true,"audioPlay":false,"sceneViewState":{"m_AlwaysRefresh":false,"showFog":true,"showSkybox":true,"showFlares":true,"showImageEffects":true,"showParticleSystems":true,"showVisualEffectGraphs":true,"m_FxEnabled":true},"in2DMode":false,"pivot":{"x":12.629809379577637,"y":2.6444220542907717,"z":-36.0759162902832},"rotation":{"x":0.12533994019031526,"y":-0.0995367020368576,"z":0.012638026848435402,"w":0.9870383143424988},"size":3.9391167163848879,"orthographic":false}