{"cameraMode":{"drawMode":0,"name":"Shaded","section":"Shading Mode"},"sceneLighting":false,"audioPlay":false,"sceneViewState":{"m_AlwaysRefresh":false,"showFog":true,"showSkybox":false,"showFlares":true,"showImageEffects":true,"showParticleSystems":true,"showVisualEffectGraphs":true,"m_FxEnabled":true},"in2DMode":false,"pivot":{"x":0.02822066843509674,"y":-1.7913827896118165,"z":0.5916551351547241},"rotation":{"x":-0.0032159558031708,"y":0.9930791258811951,"z":-0.11401550471782685,"w":-0.028011633083224298},"size":1.498642921447754,"orthographic":false}